platform,listing_id,title,category,brand,condition,listed_price,sold_price,date_listed,date_sold,status,days_to_sell,days_active
depop,D0001,One Small Left! Red Lace Dress,dresses,Other,good,15.0,15.0,2020-11-05,2021-01-03,sold,59.0,
depop,D0002,Brand New With Tag Juicy Couture,accessories,Juicy Couture,good,25.0,25.0,2020-08-08,2021-01-04,sold,149.0,
depop,D0003,Red Cream Green Dome Rings &,accessories,Other,good,20.0,20.0,2021-01-04,2021-01-04,sold,0.0,
depop,D0004,White/Cream Rings :) Have Flaws! Price,accessories,Other,good,10.0,10.0,2021-01-05,2021-01-05,sold,0.0,
depop,D0005,Cream And Burnt Orange Dome Rings,accessories,Other,good,9.0,9.0,2021-01-06,2021-01-06,sold,0.0,
depop,D0006,One Cream Dome And One Flat,accessories,Other,good,24.0,24.0,2021-01-06,2021-01-06,sold,0.0,
depop,D0007,4 Dome Rings And 2 Flat,accessories,Other,good,1.0,1.0,2021-01-06,2021-01-06,sold,0.0,
depop,D0008,3 Dome Rings 1 Stone Ring,accessories,Other,good,30.0,30.0,2021-01-06,2021-01-07,sold,1.0,
depop,D0009,Bundle For @Pickturethis ! Blue Stone,accessories,Other,good,21.0,21.0,2021-01-08,2021-01-08,sold,0.0,
depop,D0010,Blue Stone Ring And Yellow Flat,accessories,Other,good,12.0,12.0,2021-01-08,2021-01-08,sold,0.0,
depop,D0011,Bundle For @Osaodj ! Red Dome,accessories,Other,good,18.0,18.0,2021-01-08,2021-01-08,sold,0.0,
depop,D0012,Jade Green Dome Ring Size 6.5,accessories,Other,good,4.0,4.0,2021-01-05,2021-01-10,sold,5.0,
depop,D0013,Silver Glitter Chunky Plastic Rings 1,accessories,Other,good,5.0,5.0,2021-01-06,2021-01-10,sold,4.0,
depop,D0014,Green Dome Ring Size 5 For,accessories,Other,good,6.0,6.0,2021-01-10,2021-01-10,sold,0.0,
depop,D0015,Cream Point Ring And Green Dome,accessories,Other,good,12.0,12.0,2021-01-10,2021-01-10,sold,0.0,
depop,D0016,Custom For @Peyton4612 Green And Burnt,accessories,Other,good,12.0,12.0,2021-01-10,2021-01-10,sold,0.0,
depop,D0017,Burnt Orange And Green Dome Rings,accessories,Other,good,12.0,12.0,2021-01-10,2021-01-10,sold,0.0,
depop,D0018,Listing For @Sarasungastelum !,accessories,Other,good,1.0,1.0,2021-01-10,2021-01-10,sold,0.0,
depop,D0019,Silver Glitter Chunky Plastic Rings 1,accessories,Other,good,5.0,5.0,2021-01-06,2021-01-11,sold,5.0,
depop,D0020,Burnt Orange Dome Ring Size 7,accessories,Other,good,12.0,12.0,2021-01-11,2021-01-11,sold,0.0,
depop,D0021,Cream Clear Green & Blue Dome,accessories,Other,good,24.0,24.0,2021-01-11,2021-01-11,sold,0.0,
depop,D0022,Burnt Orange Dome Ring Size 6,accessories,Other,good,6.0,6.0,2021-01-11,2021-01-11,sold,0.0,
depop,D0023,Cream Round Ring Size 8 +,accessories,Other,good,1.0,1.0,2021-01-05,2021-01-11,sold,6.0,
depop,D0024,Blue Transparent Stone Shaped Chunky Plastic,accessories,Other,good,4.0,4.0,2021-01-06,2021-01-12,sold,6.0,
depop,D0025,Size 5 Left Blue Transparent Stone,accessories,Other,good,4.0,4.0,2021-01-06,2021-01-13,sold,7.0,
depop,D0026,Purple Translucent Dome Ring Size 7,accessories,Other,good,5.0,5.0,2021-01-12,2021-01-13,sold,1.0,
depop,D0027,Listing For @Rye_Alie :),accessories,Other,good,1.0,1.0,2021-01-13,2021-01-13,sold,0.0,
depop,D0028,Green Dome Ring Size 5 For,accessories,Other,good,6.0,6.0,2021-01-14,2021-01-14,sold,0.0,
depop,D0029,Cream And Green Thick Round Rings,accessories,Other,good,12.0,12.0,2021-01-14,2021-01-14,sold,0.0,
depop,D0030,Listing For @3Katia !,accessories,Other,good,12.0,12.0,2021-01-15,2021-01-15,sold,0.0,
depop,D0031,Listing For @Aeojii !,accessories,Other,good,24.0,24.0,2021-01-15,2021-01-15,sold,0.0,
depop,D0032,Lavender Dome Ring Size 7 Arent,accessories,Other,good,5.0,5.0,2021-01-12,2021-01-15,sold,3.0,
depop,D0033,Neon Green Pastel Pink And White,accessories,Other,good,18.0,18.0,2021-01-15,2021-01-15,sold,0.0,
depop,D0034,Blue Translucent Dome Ring Size 7,accessories,Other,good,11.0,11.0,2021-01-19,2021-01-19,sold,0.0,
depop,D0035,Lavender Dome Ring Size 6 Handmade,accessories,Other,good,4.0,4.0,2021-01-12,2021-01-19,sold,7.0,
depop,D0036,Tan Dome Rings Both Size 6,accessories,Other,good,5.0,5.0,2021-01-16,2021-01-19,sold,3.0,
depop,D0037,Stone Shaped Rings Green & Pink/Purple,accessories,Other,good,1.0,1.0,2021-01-12,2021-01-19,sold,7.0,
depop,D0038,Blue And Green Dome Rings Size,accessories,Other,good,12.0,12.0,2021-01-20,2021-01-20,sold,0.0,
depop,D0039,Green Stone Ring And Burnt Orange,accessories,Other,good,12.0,12.0,2021-01-20,2021-01-20,sold,0.0,
depop,D0040,Green And Burnt Orange Dome Rings,accessories,Other,good,24.0,24.0,2021-01-20,2021-01-20,sold,0.0,
depop,D0041,Orange Dome Rings Both Size 6,accessories,Other,good,4.0,4.0,2021-01-06,2021-01-21,sold,15.0,
depop,D0042,Only Size 6 Left (Left One)!,accessories,Other,good,5.0,5.0,2021-01-10,2021-01-21,sold,11.0,
depop,D0043,Light Lavender Dome Ring Size 6.5,accessories,Other,good,5.0,5.0,2021-01-12,2021-01-21,sold,9.0,
depop,D0044,Tan Dome Rings Have A More,accessories,Other,good,5.0,5.0,2021-01-16,2021-01-21,sold,5.0,
depop,D0045,Skinny Round Rings One White One,accessories,Other,good,12.0,12.0,2021-01-20,2021-01-23,sold,3.0,
depop,D0046,Listing For @Miabecho !,accessories,Other,good,1.0,1.0,2021-01-23,2021-01-23,sold,0.0,
depop,D0047,Green Dome Size 5 For @Ctaka,accessories,Other,good,6.0,6.0,2021-01-23,2021-01-24,sold,1.0,
depop,D0048,Green And Blue Dome Rings 7,accessories,Other,good,12.0,12.0,2021-01-25,2021-01-25,sold,0.0,
depop,D0049,Burnt Orange Dome Ring Size 7,accessories,Other,good,5.0,5.0,2021-01-26,2021-01-28,sold,2.0,
depop,D0050,Purple Glitter Dome Ring Size 6,accessories,Other,good,8.0,8.0,2021-01-28,2021-01-28,sold,0.0,
depop,D0051,Yellow Dome Ring Size 6.5 Handmade,accessories,Other,good,6.0,6.0,2021-01-26,2021-01-28,sold,2.0,
depop,D0052,Creme Translucent Dome Ring Size 6.5,accessories,Other,good,6.0,6.0,2021-01-26,2021-01-28,sold,2.0,
depop,D0053,Green Thick Round Ring Size 8,accessories,Other,good,6.0,6.0,2021-01-28,2021-01-28,sold,0.0,
depop,D0054,Pointed Orange And Yellow Ring Size,accessories,Other,good,12.0,12.0,2021-01-05,2021-01-28,sold,23.0,
depop,D0055,Listing For @Sofiamargaret !,accessories,Other,good,1.0,1.0,2021-01-28,2021-01-30,sold,2.0,
depop,D0056,Creme Dome Ring Size 6.5 Handmade,accessories,Other,good,5.0,5.0,2021-01-16,2021-02-01,sold,16.0,
depop,D0057,Three Purple/Blue Round Rings Size 7,accessories,Other,good,18.0,18.0,2021-01-29,2021-02-01,sold,3.0,
depop,D0058,Purple Dome 6.5 Pink Dome 7,accessories,Other,good,20.0,20.0,2021-02-01,2021-02-01,sold,0.0,
depop,D0059,Red 8 And Blue 7 Thick,accessories,Other,good,12.0,12.0,2021-02-01,2021-02-01,sold,0.0,
depop,D0060,Thick Green Round Ring Green Size,accessories,Other,good,6.0,6.0,2021-02-01,2021-02-01,sold,0.0,
depop,D0061,Light Blue Flat Ring Size 7,accessories,Other,good,6.0,6.0,2021-02-02,2021-02-02,sold,0.0,
depop,D0062,Orange/Blue Thick Round Ring Size 6,accessories,Other,good,14.0,14.0,2021-02-02,2021-02-02,sold,0.0,
depop,D0063,Orange And Green Dome Rings Size,accessories,Other,good,14.0,14.0,2021-02-02,2021-02-02,sold,0.0,
depop,D0064,Dark Blue Dome Ring Size 5,accessories,Other,good,7.0,7.0,2021-02-02,2021-02-02,sold,0.0,
depop,D0065,Green Dome Ring Size 6 Handmade,accessories,Other,good,5.0,5.0,2021-02-01,2021-02-03,sold,2.0,
depop,D0066,Light Brown Dome Ring Size 6.5,accessories,Other,good,6.0,6.0,2021-02-01,2021-02-03,sold,2.0,
depop,D0067,Three Green And Orange Round Rings,accessories,Other,good,15.0,15.0,2021-01-26,2021-02-03,sold,8.0,
depop,D0068,Orange/Green Thick And Skinny Round Rings,accessories,Other,good,12.0,12.0,2021-01-28,2021-02-05,sold,8.0,
depop,D0069,Green Glitter Dome Rings One Is,accessories,Other,good,8.0,8.0,2021-01-28,2021-02-05,sold,8.0,
depop,D0070,Purple Blue Dome Ring Size 6.5,accessories,Other,good,6.0,6.0,2021-02-04,2021-02-05,sold,1.0,
depop,D0071,Brandy Melville Low Waist Light Wash,bottoms,Brandy Melville,good,35.0,35.0,2021-01-12,2021-02-07,sold,26.0,
depop,D0072,Brown Dome Ring Size 6.5 Handmade,accessories,Other,good,6.0,6.0,2021-02-01,2021-02-08,sold,7.0,
depop,D0073,Only 6.5 Left Green Glitter Dome,accessories,Other,good,8.0,8.0,2021-01-28,2021-02-09,sold,12.0,
depop,D0074,Gucci Leather? Brown Shoulder Purse “Gucci,accessories,Other,good,30.0,30.0,2021-02-08,2021-02-09,sold,1.0,
depop,D0075,Orange/Cream Oval Ring Size 5 Handmade,accessories,Other,good,10.0,10.0,2021-02-09,2021-02-09,sold,0.0,
depop,D0076,Green Oval Ring Size 5 Handmade,accessories,Other,good,10.0,10.0,2021-02-09,2021-02-09,sold,0.0,
depop,D0077,Orange/Pink Crescent Ring Size 8 Handmade,accessories,Other,good,8.0,8.0,2021-02-09,2021-02-12,sold,3.0,
depop,D0078,Bundle For @Kendalldair ❤️,accessories,Other,good,17.0,17.0,2021-02-13,2021-02-13,sold,0.0,
depop,D0079,Burnt Orange Rectangle Ring Size 8,accessories,Other,good,10.0,10.0,2021-02-13,2021-02-21,sold,8.0,
depop,D0080,Shipping For @Monstergirlclothing,accessories,Other,good,3.75,3.75,2021-02-21,2021-02-21,sold,0.0,
depop,D0081,Superrr Cute Green Plate 5 1/2,other,Other,good,5.0,5.0,2021-02-22,2021-02-22,sold,0.0,
depop,D0082,Cream Circle Ring Size 6.5 Handmade,accessories,Other,good,10.0,10.0,2021-02-09,2021-02-25,sold,16.0,
depop,D0083,Neon Pink Dome Ring Size 6.5,accessories,Other,good,6.0,6.0,2021-02-09,2021-02-25,sold,16.0,
depop,D0084,**Anonymized**,accessories,Other,good,1.0,1.0,2021-02-27,2021-02-27,sold,0.0,
depop,D0085,Peach/Orange Dome Ring Imperfections Pictured Size,accessories,Other,good,5.0,5.0,2021-01-11,2021-03-06,sold,54.0,
depop,D0086,Green Dome Ring Size 6 Handmade,accessories,Other,good,7.0,7.0,2021-02-09,2021-03-06,sold,25.0,
depop,D0087,Green Oval Ring Size 5 Handmade,accessories,Other,good,8.0,8.0,2021-03-04,2021-03-06,sold,2.0,
depop,D0088,Blue And Orange Round Rings Size,accessories,Other,good,12.0,12.0,2021-02-09,2021-03-08,sold,27.0,
depop,D0089,Brand New With Tags Brandy Melville,bottoms,Other,good,32.0,32.0,2021-02-17,2021-03-17,sold,28.0,
depop,D0090,Custom Black Baby Tee @Ryleeleh Shown,tops,Other,good,1.0,1.0,2021-03-13,2021-03-27,sold,14.0,
depop,D0091,Custom Black Baby Tee Shown On,tops,Chrome Hearts,good,22.0,22.0,2021-03-13,2021-03-27,sold,14.0,
depop,D0092,Pinstripe Black And White Dress Pants,bottoms,Other,good,12.0,12.0,2021-09-05,2022-01-03,sold,120.0,
depop,D0093,Dark Purple Crochet/Knit Longsleeve Blouse Top,tops,Other,good,12.0,12.0,2021-07-28,2022-01-05,sold,161.0,
depop,D0094,Vivienne Westwood Yellow Graphic Top Tshirt,tops,Vivienne Westwood,good,124.0,124.0,2021-12-26,2022-01-05,sold,10.0,
depop,D0095,Red Hysteric Glamour Graphic Top Tshirt,other,Hysteric Glamour,good,124.0,124.0,2021-12-26,2022-01-19,sold,24.0,
depop,D0096,Brandy Melville J Galt Light Blue,bottoms,Brandy Melville,good,0.5,0.5,2021-11-28,2022-01-27,sold,60.0,
depop,D0097,Vintage Black/Gray Adidas Hoodie Some Fading,tops,Adidas,good,20.0,20.0,2021-08-29,2022-01-30,sold,154.0,
depop,D0098,3 Pairs Of Brown Ups Ankle,accessories,Other,good,18.0,18.0,2021-11-28,2022-02-01,sold,65.0,
depop,D0099,Pinky Girls Black And White Gingham,tops,Other,good,40.0,40.0,2022-01-20,2022-02-01,sold,12.0,
depop,D0100,Silver Saturn Orb Charm Locket Necklace,accessories,Vivienne Westwood,good,40.0,40.0,2022-01-20,2022-02-06,sold,17.0,
depop,D0101,Liz Lisa Cream Knit Top Pearl,tops,Other,good,33.3,33.3,2021-12-12,2022-02-06,sold,56.0,
depop,D0102,Mesh Graphic Print Button Up Top,other,Other,good,23.0,23.0,2021-12-27,2022-02-18,sold,53.0,
depop,D0103,New Black Bikini Adjustable Tie Straps,other,Other,good,12.0,12.0,2022-02-13,2022-02-23,sold,10.0,
depop,D0104,Evisu Tshirt Top Pink And Blue,tops,Evisu,good,55.0,55.0,2021-12-27,2022-02-25,sold,60.0,
depop,D0105,Pinky Girls Black And White Gingham,tops,Other,good,40.0,40.0,2022-01-20,2022-02-25,sold,36.0,
depop,D0106,Juicy Couture Velour Black Trackpants,other,Juicy Couture,good,45.0,45.0,2022-02-13,2022-03-07,sold,22.0,
depop,D0107,Evisu Denim Skirt Logo Printed On,bottoms,Evisu,good,110.0,110.0,2022-02-13,2022-03-09,sold,24.0,
depop,D0108,White Studded Rhinstones Belt Similar To,accessories,Other,good,23.0,23.0,2022-02-21,2022-03-10,sold,17.0,
depop,D0109,Dolce And Gabanna Silk Light Pink,tops,Dolce & Gabbana,good,50.0,50.0,2022-03-09,2022-03-11,sold,2.0,
depop,D0110,Silver Saturn Orb Charm Locket Necklace,accessories,Vivienne Westwood,good,35.0,35.0,2022-01-20,2022-03-13,sold,52.0,
depop,D0111,Brown Tan Crop Tank Top Ruffled,tops,Other,good,13.0,13.0,2022-03-13,2022-03-15,sold,2.0,
depop,D0112,Mustard Yellow V Neck Bodycon Midi,dresses,Other,good,12.0,12.0,2021-08-29,2022-03-15,sold,198.0,
depop,D0113,Sage Green Mint Green Nike Dri-Fit,bottoms,Nike,good,23.0,23.0,2021-12-26,2022-03-18,sold,82.0,
depop,D0114,White Sequined Sparkle Dress Midi Lace,dresses,Other,good,30.0,30.0,2022-03-13,2022-03-20,sold,7.0,
depop,D0115,Brandy Melville Tammy Cargo Pants Dyed,bottoms,Brandy Melville,good,45.0,45.0,2021-12-26,2022-03-27,sold,91.0,
depop,D0116,Four Shorts With Drawstring Lettuce Hem,bottoms,Other,good,12.0,12.0,2021-11-28,2022-03-28,sold,120.0,
depop,D0117,Gray Low Rise Flare Dress Suit,bottoms,Other,good,14.4,14.4,2022-04-05,2023-01-02,sold,272.0,
depop,D0118,Vivienne Westwood Red Label Top Embroidered,tops,Vivienne Westwood,good,112.0,112.0,2022-12-13,2023-01-02,sold,20.0,
depop,D0119,Hysteric Glamour Graphic Top Tshirt “Hysteric”,tops,Hysteric Glamour,good,67.0,67.0,2022-03-26,2023-01-07,sold,287.0,
depop,D0120,Hysteric Glamour Tshirt Top Black Red,tops,Hysteric Glamour,good,112.0,112.0,2022-12-28,2023-01-20,sold,23.0,
depop,D0121,Skims Black Soft Lounge Long Slip,dresses,Skims,good,59.0,59.0,2023-12-25,2024-01-01,sold,7.0,
depop,D0122,Similar To Vca Mother Of Pearl,accessories,Other,good,33.0,33.0,2023-12-25,2024-01-05,sold,11.0,
depop,D0123,Similar To Ysl Black Wallet,accessories,Other,good,43.0,43.0,2023-12-25,2024-01-07,sold,13.0,
depop,D0124,Bdg Y2K Cargo Pants Light Gray,bottoms,BDG,good,38.0,38.0,2023-12-25,2024-01-07,sold,13.0,
depop,D0125,Pacsun La Hearts Satin Navy Blue,dresses,PacSun,good,24.0,24.0,2023-08-12,2024-01-07,sold,148.0,
depop,D0126,Victorias Secret Black And Pink Lace,tops,Victoria's Secret,good,23.0,23.0,2023-06-26,2024-01-07,sold,195.0,
depop,D0127,Charmaine Ivory Corset Maxi Dress House,dresses,House of CB,good,130.0,130.0,2023-12-25,2024-02-12,sold,49.0,
depop,D0128,Lululemon White Define Jacket Bbl Size,outerwear,Lululemon,good,60.0,60.0,2024-02-07,2024-02-18,sold,11.0,
depop,D0129,Pacsun Baggy Jeans Roomy The Eco,bottoms,PacSun,good,40.0,40.0,2024-03-26,2024-03-26,sold,0.0,
depop,D0130,Princess Polly Eden Lace Up Corset,tops,Princess Polly,good,23.0,23.0,2025-03-04,2025-03-07,sold,3.0,
depop,D0131,Blue Rectangle Ring Size 7.5 Handmade,accessories,Other,good,6.4,6.4,2021-03-04,2021-04-01,sold,28.0,
depop,D0132,Silver Hair Clips $6 For 10,accessories,Other,good,6.0,6.0,2020-08-05,2021-04-01,sold,239.0,
depop,D0133,Silicone Domino Resin Mold And Silicon,other,Other,good,48.0,48.0,2021-01-28,2021-04-04,sold,66.0,
depop,D0134,Lavendar Round Ring Size 8 -,accessories,Other,good,4.8,4.8,2021-01-29,2021-04-05,sold,66.0,
depop,D0135,Cream/White Crescent Ring Size 8.5 Handmade,accessories,Other,good,6.8,6.8,2021-02-13,2021-04-08,sold,54.0,
depop,D0136,Light Blue Translucent Flat Ring Size,accessories,Other,good,4.25,4.25,2021-02-09,2021-04-23,sold,73.0,
depop,D0137,Orange/White Round Ring Size 6 Handmade,accessories,Other,good,5.1,5.1,2021-02-09,2021-04-23,sold,73.0,
depop,D0138,Brown Nylon Shoulder Bag Purse Silver,accessories,Other,good,10.0,10.0,2021-03-27,2021-04-26,sold,30.0,
depop,D0139,Allen Allen Brown Tan Green Heart,tops,Other,good,26.0,26.0,2021-05-23,2021-05-24,sold,1.0,
depop,D0140,Orange Lace Cami Top Elastic Straps,tops,Other,good,12.0,12.0,2021-05-23,2021-05-26,sold,3.0,
depop,D0141,Ngo Studios La Brown Trucker Hat,accessories,Other,good,45.0,45.0,2021-05-28,2021-05-31,sold,3.0,
depop,D0142,Green Tshirt Top Baby T Says,tops,Other,good,20.0,20.0,2021-05-26,2021-06-05,sold,10.0,
depop,D0143,Four Spandex Shorts With Side Pockets,bottoms,Other,good,12.0,12.0,2021-05-26,2021-06-13,sold,18.0,
depop,D0144,Brandy Melville Pink Ribbed V Neck,other,Brandy Melville,good,14.0,14.0,2021-03-27,2021-06-19,sold,84.0,
depop,D0145,Red And Black Plaid Pleated Buckle,bottoms,Other,good,23.0,23.0,2022-04-05,2022-04-09,sold,4.0,
depop,D0146,Target Wild Fable Gray/Silver Cable Knit,tops,Wild Fable,good,12.0,12.0,2021-08-29,2022-04-13,sold,227.0,
depop,D0147,Black Mini Skirt Zipper And Hook,bottoms,Other,good,12.0,12.0,2022-02-21,2022-04-19,sold,57.0,
depop,D0148,Faux Leather Split Toe Ballerina Flats,footwear,Other,good,70.0,70.0,2022-04-11,2022-04-22,sold,11.0,
depop,D0149,Black Faux Leather Shoulder Bag Cross,accessories,Other,good,66.5,66.5,2022-04-11,2022-05-01,sold,20.0,
depop,D0150,Ribbed White Bodycon Dress Lace V,dresses,Other,good,12.0,12.0,2021-11-06,2022-05-01,sold,176.0,
depop,D0151,Olive Green Thick Ribbed Long Maxi,dresses,Other,good,16.0,16.0,2022-03-13,2022-05-01,sold,49.0,
depop,D0152,Princess Polly Arabellae Black Mini Dress,dresses,Princess Polly,good,18.0,18.0,2022-01-20,2022-05-02,sold,102.0,
depop,D0153,Pink And Green Mesh Floral Asymmetrical,tops,Other,good,23.0,23.0,2021-11-06,2022-05-02,sold,177.0,
depop,D0154,Vintage Guess Low Rise Flare Denim,bottoms,Guess,good,34.0,34.0,2022-03-26,2022-05-02,sold,37.0,
depop,D0155,Levi Denim Dark Blue 550 Jean,bottoms,Levi's,good,12.0,12.0,2021-08-29,2022-05-07,sold,251.0,
depop,D0156,Adika Lucille Pinstripe Vest Top Worn,tops,Other,good,36.0,36.0,2022-04-05,2022-05-09,sold,34.0,
depop,D0157,527 Levi Light Wash Distressed Ripped,bottoms,Levi's,good,25.0,25.0,2022-04-05,2022-05-19,sold,44.0,
depop,D0158,Hysteric Glamour Graphic Top Tshirt “Do,tops,Hysteric Glamour,good,105.0,105.0,2022-03-26,2022-05-20,sold,55.0,
depop,D0159,Pink And Cream Striped Crop Cardigan,tops,Other,good,9.0,9.0,2021-08-22,2022-05-30,sold,281.0,
depop,D0160,Blue Teal Hibiscus Halter Dress 26”,dresses,Other,good,12.0,12.0,2021-06-11,2022-06-04,sold,358.0,
depop,D0161,Champion Black Athletic Running Jacket Similar,outerwear,Champion,good,22.0,22.0,2022-02-14,2022-06-12,sold,118.0,
depop,D0162,Brandy Melville Kinsley Top In Brown,tops,Brandy Melville,good,19.0,19.0,2022-06-09,2022-06-15,sold,6.0,
depop,D0163,Mandarin Collar Dress Black White Red,dresses,Other,good,12.0,12.0,2022-03-13,2022-06-18,sold,97.0,
depop,D0164,Brandy Melville Sephira Skirt In Black,bottoms,Brandy Melville,good,23.75,23.75,2022-06-09,2022-06-21,sold,12.0,
depop,D0165,Shirley Of Hollywood Lingerie Top Butterfly,tops,Shirley of Hollywood,good,35.0,35.0,2021-08-22,2023-04-14,sold,600.0,
depop,D0166,Levis 515 Lowrise Flare Bootcut Jean,bottoms,Levi's,good,35.0,35.0,2022-08-17,2023-04-18,sold,244.0,
depop,D0167,Tan Midi Bodycon Skirt,bottoms,Other,good,14.0,14.0,2022-07-27,2023-04-22,sold,269.0,
depop,D0168,Hydraulic Lowrise Flare Bootcut Jean These,bottoms,Other,good,35.0,35.0,2022-08-17,2023-04-28,sold,254.0,
depop,D0169,Dark Blue Flare Jean Embroidered Dragonfly,bottoms,Other,good,40.0,40.0,2022-08-17,2023-05-19,sold,275.0,
depop,D0170,Bright Blue And Black Vintage Nike,tops,Nike,good,13.0,13.0,2022-07-24,2023-06-27,sold,338.0,
depop,D0171,Dolce And Gabbana Cream And Black,tops,Dolce & Gabbana,good,57.0,57.0,2023-06-26,2023-06-29,sold,3.0,
depop,D0172,Brandy Melville John Galt Nashville Graphic,tops,Brandy Melville,good,14.0,14.0,2023-06-29,2023-06-29,sold,0.0,
depop,D0173,Blue Backless Crop Top,tops,Other,good,13.0,13.0,2023-06-26,2023-06-30,sold,4.0,
depop,D0174,Ysl Black Chain Wallet Crossbody Purse,accessories,Other,good,51.0,51.0,2024-06-19,2024-06-20,sold,1.0,
depop,D0175,Hysteric Glamour Vintage Varsity Jacket Red,outerwear,Hysteric Glamour,good,120.0,120.0,2023-06-30,2024-06-21,sold,357.0,
depop,D0176,Brandy Melville John Galt Black Striped,bottoms,Brandy Melville,good,24.0,24.0,2024-06-23,2024-06-26,sold,3.0,
depop,D0177,Prettylittlething White Barely There Block Heeled,footwear,PrettyLittleThing,good,14.0,14.0,2024-06-19,2024-06-26,sold,7.0,
depop,D0178,Princess Polly Lioness Deei Double Ruffle,bottoms,Princess Polly,good,25.0,25.0,2025-06-23,2025-06-24,sold,1.0,
depop,D0179,Edikted Margaret Pleated Ribbon Mini Skort,bottoms,Edikted,good,15.0,15.0,2025-06-23,2025-06-24,sold,1.0,
depop,D0180,Edikted Spencer Low Rise Denim Micro,bottoms,Edikted,good,14.0,14.0,2025-06-23,2025-06-24,sold,1.0,
depop,D0181,Bundle For @Aannmariee,bottoms,PacSun,good,30.0,30.0,2025-06-23,2025-06-25,sold,2.0,
depop,D0182,En Route Jewelry Daisy Pearl Necklace,accessories,Other,good,30.0,30.0,2025-06-24,2025-06-25,sold,1.0,
depop,D0183,Baggy Jorts Cargo Jean Shorts Light,bottoms,Other,good,11.0,11.0,2025-06-23,2025-06-25,sold,2.0,
depop,D0184,Edikted Ariana Grey Mini Micro Pleated,bottoms,Edikted,good,18.0,18.0,2025-06-23,2025-06-26,sold,3.0,
depop,D0185,Grey Lace Lingerie Slip With Ribbon,tops,Other,good,8.2,8.2,2025-06-23,2025-06-27,sold,4.0,
depop,D0186,Light Green Ruched Tie Up Crop,tops,Other,good,10.0,10.0,2025-06-23,2025-06-27,sold,4.0,
depop,D0187,Black Lace Mini Romper Dress With,jumpsuits,Other,good,10.0,10.0,2025-06-23,2025-06-27,sold,4.0,
depop,D0188,Handmade Screenprinted Black And White Baby,tops,Other,good,12.75,12.75,2025-06-23,2025-06-28,sold,5.0,
depop,D0189,Lululemon Cropped Red Align Tank Lunar,tops,Lululemon,good,26.0,26.0,2025-06-23,2025-06-29,sold,6.0,
depop,D0190,Brandy Melville John Galt White Lace,tops,Brandy Melville,good,8.5,8.5,2025-06-23,2025-06-30,sold,7.0,
depop,D0191,Pacsun La Hearts Green Parachute Shorts,bottoms,PacSun,good,8.5,8.5,2025-06-23,2025-06-30,sold,7.0,
depop,D0192,Black Mini Skirt With Ruffle Detail,bottoms,Other,good,11.05,11.05,2025-06-23,2025-06-30,sold,7.0,
depop,D0193,Red Knit Crop Short Sleeve Cardigan,tops,Energie,good,5.0,5.0,2020-07-04,2020-07-04,sold,0.0,
depop,D0194,Yellow Old Skool Vans Lightly Used,footwear,Vans,good,18.0,18.0,2020-07-04,2020-07-08,sold,4.0,
depop,D0195,Handmade By Me White Corset Top,tops,Other,good,50.0,50.0,2020-07-16,2020-07-18,sold,2.0,
depop,D0196,Vans Black And White Checkered Belt,accessories,Vans,good,10.0,10.0,2020-07-04,2020-07-19,sold,15.0,
depop,D0197,Handmade Nike Sock Tank Top Fits,tops,Nike,good,30.0,30.0,2020-07-20,2020-07-21,sold,1.0,
depop,D0198,On Hold Msg Before Buying! Brand,bottoms,SHEIN,good,15.0,15.0,2020-07-19,2020-07-22,sold,3.0,
depop,D0199,Preorder Don’T Purchase Handmade By Me,tops,Other,good,55.0,55.0,2020-07-22,2020-07-23,sold,1.0,
depop,D0200,Like New Red Orange Coral Light,bottoms,Nike,good,18.0,18.0,2020-07-23,2020-07-23,sold,0.0,
depop,D0201,Hello Kitty Purse Bag With Pink,accessories,Sanrio,good,15.0,15.0,2020-07-15,2020-07-26,sold,11.0,
depop,D0202,American Apparel Navy Blue Skirt With,bottoms,American Apparel,good,12.0,12.0,2020-07-23,2020-07-26,sold,3.0,
depop,D0203,Super Y2K (2000S) And 90Sbutterfly Hairclips!,accessories,Other,good,6.0,6.0,2020-07-26,2020-07-26,sold,0.0,
depop,D0204,48 Assorted Butterfly Hair Clips Super,accessories,Other,good,8.0,8.0,2020-07-26,2020-07-26,sold,0.0,
depop,D0205,Brand New Reworked Light Pink Nike,bottoms,Nike,good,45.0,45.0,2020-07-24,2020-07-27,sold,3.0,
depop,D0206,Vintage Burberry 100% Wool Nova Check,bottoms,Burberry,good,70.0,70.0,2020-07-28,2020-07-28,sold,0.0,
depop,D0207,Super Y2K Denim Like Pleated/Ruffled Skirt,bottoms,Other,good,15.0,15.0,2020-07-28,2020-07-29,sold,1.0,
depop,D0208,Message To Preorder Don’T Purchase Listing,tops,Other,good,55.0,55.0,2020-07-22,2020-07-29,sold,7.0,
depop,D0209,Message To Preorder Don’T Purchase Listing,tops,Other,good,55.0,55.0,2020-07-22,2020-07-30,sold,8.0,
depop,D0210,Don’T Purchase Listing Before Messaging To,tops,Other,good,55.0,55.0,2020-07-22,2020-07-31,sold,9.0,
depop,D0211,On Hold Message Before Buying! Champion,bottoms,Champion,good,15.0,15.0,2020-07-28,2020-07-31,sold,3.0,
depop,D0212,Handmade Custom Corsets For @Zigzaggoods !,other,Other,good,100.0,100.0,2020-08-01,2020-08-01,sold,0.0,
depop,D0213,Dark Gray Pleated Tennis Skirt! Color,bottoms,Other,good,20.0,20.0,2020-08-04,2020-08-05,sold,1.0,
depop,D0214,Y2K 2000S White Tank With Rhinestone,tops,Other,good,5.0,5.0,2020-07-16,2020-08-07,sold,22.0,
depop,D0215,Y2K 2000S Baby Phat Blue With,tops,Baby Phat,good,16.2,16.2,2020-07-23,2020-08-08,sold,16.0,
depop,D0216,Brand New With Tags Burberry Nova,bottoms,Burberry,good,40.0,40.0,2020-08-05,2020-08-08,sold,3.0,
depop,D0217,Don’T Purchase Listing Before Messaging To,tops,Other,good,65.0,65.0,2020-07-22,2020-08-09,sold,18.0,
depop,D0218,Handmade Black Nike White Embroidered Check,tops,Other,good,65.0,65.0,2020-08-06,2020-08-16,sold,10.0,
depop,D0219,Handmade Denim Corset Fully Boned With,other,Other,good,55.0,55.0,2020-08-21,2020-08-22,sold,1.0,
depop,D0220,White Ribbed Tie Front Cardigan Top,tops,Forever 21,good,6.0,6.0,2020-08-18,2020-08-25,sold,7.0,
depop,D0221,Custom Style Bundles! $30 Each For,other,Other,good,30.0,30.0,2020-07-15,2020-08-30,sold,46.0,
depop,D0222,Shipping For @Kailanishi,other,Other,good,10.5,10.5,2020-08-30,2020-08-30,sold,0.0,
depop,D0223,White Low Top Converse All Star,footwear,Converse,good,15.0,15.0,2020-08-30,2020-08-31,sold,1.0,
depop,D0224,Message To Order Handmade Corsets W/Elastic,tops,Other,good,60.0,60.0,2020-07-22,2020-09-01,sold,41.0,
depop,D0225,Custom Style Bundles! $30 Each For,other,Other,good,30.0,30.0,2020-07-15,2020-09-01,sold,48.0,
depop,D0226,Reworked Vintage Dark Wash Guess Denim,bottoms,Guess,good,1.0,1.0,2020-08-09,2020-09-04,sold,26.0,
depop,D0227,Custom Style Bundles! $30 Each For,other,Other,good,30.0,30.0,2020-07-15,2020-09-08,sold,55.0,
depop,D0228,White Old Skool Vans Lightly Used,footwear,Vans,good,19.0,19.0,2020-08-30,2020-09-08,sold,9.0,
depop,D0229,Pink Naruto Shirt Lol Came In,tops,Other,good,6.8,6.8,2020-08-18,2020-09-08,sold,21.0,
depop,D0230,Lija White Athletic Tennis/Golf/Running Skirt With,bottoms,Lululemon,good,30.0,30.0,2020-09-09,2020-09-09,sold,0.0,
depop,D0231,Custom Style Bundles! $30 Each For,other,Other,good,30.0,30.0,2020-07-15,2020-09-09,sold,56.0,
depop,D0232,Brand New Y2K Pleated Denim Mini,bottoms,Other,good,35.0,35.0,2020-09-03,2020-09-12,sold,9.0,
depop,D0233,Lululemon Ivivva Skirt In Black Shorts,bottoms,Lululemon,good,35.0,35.0,2020-09-18,2020-09-24,sold,6.0,
depop,D0234,White Tennis Running Athletic Skirt Skort,bottoms,Other,good,18.0,18.0,2021-06-11,2021-07-01,sold,20.0,
depop,D0235,On Hold!!! Brand New Dooney And,accessories,Dooney & Bourke,good,75.0,75.0,2020-07-22,2021-07-01,sold,344.0,
depop,D0236,Heaven Can Wait Hcw Blue Acrylic,tops,Other,good,16.0,16.0,2021-05-23,2021-07-05,sold,43.0,
depop,D0237,Pink Pleated Nike Dri-Fit Skirt Girls,bottoms,Nike,good,23.0,23.0,2021-05-26,2021-07-07,sold,42.0,
depop,D0238,Brand New Never Used Coach Maroon/Pink/Purple/Red,accessories,Coach,good,17.6,17.6,2020-12-02,2021-07-08,sold,218.0,
depop,D0239,Tredsafe Womens Black Non Slip Work,footwear,Other,good,12.0,12.0,2021-05-28,2021-07-09,sold,42.0,
depop,D0240,Wildflower Clear Iphone Xr Case Scratches,other,Other,good,1.0,1.0,2021-05-24,2021-07-17,sold,54.0,
depop,D0241,Two Skirts Bundle For @Franfreshca !,bottoms,Other,good,25.0,25.0,2021-06-11,2021-07-27,sold,46.0,
depop,D0242,Brandy Melville Caroline Scalloped Crop Top,other,Brandy Melville,good,18.0,18.0,2021-03-27,2021-08-11,sold,137.0,
depop,D0243,Asos Contrast Stitch Black Skater Jeans,bottoms,ASOS,good,16.0,16.0,2021-05-17,2021-08-17,sold,92.0,
depop,D0244,Black V Hem Flowy Top With,tops,Other,good,12.0,12.0,2021-08-14,2021-08-18,sold,4.0,
depop,D0245,Brown Cami Spaghetti Strap Long Maxi,dresses,Other,good,17.0,17.0,2021-08-22,2021-08-26,sold,4.0,
depop,D0246,Green Lace Trim Tank Top Tagged,tops,Other,good,13.0,13.0,2021-08-14,2021-08-29,sold,15.0,
depop,D0247,Brandy Melville White Connor Tank Crop,tops,Brandy Melville,good,20.0,20.0,2021-08-29,2021-08-30,sold,1.0,
depop,D0248,Brown Like Corduroy High Waisted Flare,bottoms,Other,good,18.0,18.0,2021-08-29,2021-08-31,sold,2.0,
depop,D0249,New Era Black New York Ny,accessories,New Era,good,15.0,15.0,2021-08-29,2021-09-01,sold,3.0,
depop,D0250,Reserved Dont Buy Brandy Melville Brown,tops,Brandy Melville,good,4.0,4.0,2021-08-29,2021-09-02,sold,4.0,
depop,D0251,Gold Saturn Orb Pearl Bracelet Like,accessories,Vivienne Westwood,good,11.0,11.0,2021-08-12,2021-09-03,sold,22.0,
depop,D0252,Brown Mini Skirt Waist 13” Flat,bottoms,Other,good,16.0,16.0,2021-08-29,2021-09-03,sold,5.0,
depop,D0253,Blue And White Grid Print Knit,tops,Other,good,12.0,12.0,2021-08-22,2021-09-07,sold,16.0,
depop,D0254,Purple Mesh Lace Lingerie Top Tie,tops,Other,good,20.0,20.0,2021-08-22,2021-09-07,sold,16.0,
depop,D0255,Reserved Bnwt Yellow Rat Bastard Fight,tops,Brandy Melville,good,1.0,1.0,2021-08-15,2021-09-08,sold,24.0,
depop,D0256,Reserved For @Itmevictoria !!Dr. Marten Doc,footwear,Dr. Martens,good,0.5,0.5,2021-09-10,2021-09-11,sold,1.0,
depop,D0257,**Anonymized**,tops,Other,good,12.0,12.0,2021-08-14,2021-09-26,sold,43.0,
depop,D0258,Hibiscus Print Halter Crop Top Pink,tops,Other,good,12.0,12.0,2021-08-30,2022-07-13,sold,317.0,
depop,D0259,Brandy Melville Arianna Blue Pinstripe Dress,dresses,Brandy Melville,good,34.0,34.0,2022-07-08,2022-07-15,sold,7.0,
depop,D0260,Army Green Cargo Skirt Adjustable Waist,bottoms,Converse,good,24.0,24.0,2022-07-08,2022-07-25,sold,17.0,
depop,D0261,**Anonymized**,bottoms,Other,good,10.5,10.5,2022-05-08,2022-07-25,sold,78.0,
depop,D0262,Brandy Melville Navy Blue Caroline Dress,dresses,Brandy Melville,good,20.0,20.0,2021-12-27,2022-07-26,sold,211.0,
depop,D0263,Polo Sport Ralph Lauren White Tshirt,tops,Polo Ralph Lauren,good,14.0,14.0,2022-05-08,2022-08-06,sold,90.0,
depop,D0264,Old Navy Army Green Low Rise,bottoms,Other,good,42.5,42.5,2022-07-04,2022-08-08,sold,35.0,
depop,D0265,Union Bay White Low Waisted Cargo,bottoms,Other,good,42.5,42.5,2021-11-06,2022-08-11,sold,278.0,
depop,D0266,Brandy Melville Tammy Cargo Pants Dyed,bottoms,Brandy Melville,good,45.0,45.0,2021-12-26,2022-08-15,sold,232.0,
depop,D0267,Pink And White Letterman Print Morro,outerwear,Other,good,24.0,24.0,2022-07-24,2022-08-17,sold,24.0,
depop,D0268,Brandy Melville Kinsley Top In Brown,tops,Brandy Melville,good,20.0,20.0,2022-06-09,2022-08-17,sold,69.0,
depop,D0269,Brandy Melville Dark Blue Denim Agatha,bottoms,Brandy Melville,good,42.0,42.0,2022-07-27,2022-08-20,sold,24.0,
depop,D0270,Dark Blue Flare Jean Embroidered Dragonfly,bottoms,Other,good,46.0,46.0,2022-08-17,2022-08-21,sold,4.0,
depop,D0271,Gildan Heavy Blend Red Hoodie,tops,Gildan,good,7.0,7.0,2022-04-05,2022-08-21,sold,138.0,
depop,D0272,Fantasy Lingerie White Sparkle Top Ruffle,tops,Other,good,24.0,24.0,2021-08-22,2022-08-23,sold,366.0,
depop,D0273,Cream Knit Zip Up Jacket With,outerwear,Other,good,20.0,20.0,2022-07-24,2022-08-25,sold,32.0,
depop,D0274,Brandy Melville Black Crop Connor Hemmed,tops,Brandy Melville,good,20.0,20.0,2022-08-17,2022-08-29,sold,12.0,
depop,D0275,Levis 524 Lowrise Bootcut Flare Ripped,bottoms,Levi's,good,35.0,35.0,2022-08-17,2022-08-29,sold,12.0,
depop,D0276,Brandy Melville Light Sage Green Lydia,tops,Brandy Melville,good,19.0,19.0,2022-08-17,2022-09-01,sold,15.0,
depop,D0277,Beige Yankees Ny Logo Embroidered Bucket,accessories,Other,good,20.0,20.0,2022-07-24,2022-09-03,sold,41.0,
depop,D0278,Steve Madden Soph Heels Nude Tan,footwear,Steve Madden,good,30.0,30.0,2022-08-17,2022-09-05,sold,19.0,
depop,D0279,Princess Polly White Sugar Mini Dress,dresses,Princess Polly,good,24.0,24.0,2022-08-17,2022-09-30,sold,44.0,
depop,D0280,Jessa And Lisa Black Asymmetrical Hem,tops,Other,good,24.0,24.0,2023-06-29,2023-07-06,sold,7.0,
depop,D0281,Adidas Originals Forum Low Royal Blue,footwear,Adidas Originals,good,75.0,75.0,2023-07-01,2023-07-07,sold,6.0,
depop,D0282,Chrome Hearts Womens V Neck Slim,tops,Chrome Hearts,good,260.0,260.0,2023-07-01,2023-07-09,sold,8.0,
depop,D0283,Sanrio Hawaii Hello Kitty Tan Hula,other,Sanrio,good,14.0,14.0,2023-06-30,2023-07-09,sold,9.0,
depop,D0284,Pacsun La Hearts Cream Knit Bolero,tops,PacSun,good,24.0,24.0,2023-06-30,2023-07-10,sold,10.0,
depop,D0285,Brandy Melville John Galt Blue Babydoll,dresses,Brandy Melville,good,22.0,22.0,2023-06-26,2023-07-14,sold,18.0,
depop,D0286,Brandy Melville John Galt White Lace,tops,Brandy Melville,good,22.0,22.0,2023-07-13,2023-07-14,sold,1.0,
depop,D0287,White Lace Corset Crop Top Adjustable,tops,Other,good,14.0,14.0,2023-07-13,2023-07-20,sold,7.0,
depop,D0288,Dickies 874 Original Fit Reworked Mini,bottoms,Dickies,good,46.0,46.0,2023-07-01,2023-07-22,sold,21.0,
depop,D0289,Brandy Melville Mckenna Bow Top Lace,tops,Brandy Melville,good,16.0,16.0,2023-07-01,2023-07-26,sold,25.0,
depop,D0290,Sanrio Hawaii Kuromi Tan Ukulele Plush,other,Sanrio,good,18.0,18.0,2023-06-30,2023-07-26,sold,26.0,
depop,D0291,Pacsun La Hearts Cargo Jogger Pants,bottoms,LA Hearts by PacSun,good,28.0,28.0,2023-07-22,2023-07-28,sold,6.0,
depop,D0292,Princess Polly Light Sage Green Dress,dresses,Princess Polly,good,24.0,24.0,2023-06-29,2023-08-04,sold,36.0,
depop,D0293,Floral Lace Tie Shoulder Corset Bustier,tops,Other,good,14.0,14.0,2023-07-22,2023-08-06,sold,15.0,
depop,D0294,Hollister Low Rise Flare Denim Jeans,bottoms,Hollister Co.,good,14.0,14.0,2022-03-26,2023-08-07,sold,499.0,
depop,D0295,Vintage Guess Low Rise Flare Denim,bottoms,Guess,good,15.0,15.0,2022-03-26,2023-08-11,sold,503.0,
depop,D0296,Pacsun La Hearts Satin Navy Blue,dresses,PacSun,good,24.0,24.0,2023-08-12,2023-08-12,sold,0.0,
depop,D0297,Pacsun Off White Low Rise Elastic,bottoms,PacSun,good,25.0,25.0,2023-08-12,2023-08-12,sold,0.0,
depop,D0298,Black Low Waisted Utility Cargo Skort,bottoms,Other,good,24.0,24.0,2023-07-01,2023-08-12,sold,42.0,
depop,D0299,**Anonymized**,outerwear,Other,good,35.0,35.0,2023-08-12,2023-08-13,sold,1.0,
depop,D0300,Pink Glitter Knit Flowy Set Skirt,tops,Other,good,24.0,24.0,2023-08-12,2023-08-15,sold,3.0,
depop,D0301,Low/Mid Rise Dark Blue Flare Jeans,bottoms,Other,good,16.0,16.0,2023-07-01,2023-08-17,sold,47.0,
depop,D0302,Beverly & Beck Strapless Femme Trim,tops,PacSun,good,20.0,20.0,2023-08-12,2023-08-20,sold,8.0,
depop,D0303,Sanrio Hawaii My Melody Tan License,other,Sanrio,good,14.0,14.0,2023-06-30,2023-08-25,sold,56.0,
depop,D0304,Shirley Of Hollywood White Lace Sparkly,tops,Shirley of Hollywood,good,24.0,24.0,2023-08-12,2023-08-29,sold,17.0,
depop,D0305,Brandy Melville John Galt Connor Crop,accessories,Other,good,15.0,15.0,2023-08-12,2023-09-06,sold,25.0,
depop,D0306,Black Lace Corset Leather Pushup Bustier,tops,Other,good,24.0,24.0,2023-08-12,2023-09-06,sold,25.0,
depop,D0307,Pacsun Gray Asymmetrical Waistline Denim Mini,bottoms,PacSun,good,20.0,20.0,2023-06-29,2023-09-15,sold,78.0,
depop,D0308,Princess Polly Black Dress Longsleeve Mesh,dresses,Princess Polly,good,20.0,20.0,2023-06-26,2023-09-20,sold,86.0,
depop,D0309,Blue Denim Mini Skirt With Star,bottoms,Other,good,18.0,18.0,2024-06-23,2024-07-02,sold,9.0,
depop,D0310,Pacsun Low Rise Flare Jeans With,bottoms,PacSun,good,16.0,16.0,2024-07-02,2024-07-04,sold,2.0,
depop,D0311,Brandy Melville White Linen Shorts Brand,bottoms,Brandy Melville,good,16.0,16.0,2024-07-02,2024-07-04,sold,2.0,
depop,D0312,Gym Shark Compression Blue Set Longsleeve,tops,Gymshark,good,18.0,18.0,2024-07-02,2024-07-06,sold,4.0,
depop,D0313,Brandy Melville Pink And White Anastasia,bottoms,Brandy Melville,good,24.0,24.0,2024-07-07,2024-07-07,sold,0.0,
depop,D0314,Bdg Urban Outfitters High Rise Carpenter,bottoms,BDG,good,16.0,16.0,2024-07-04,2024-07-08,sold,4.0,
depop,D0315,Urban Outfitters Out From Under Go,tops,Urban Outfitters,good,9.9,9.9,2024-07-07,2024-07-08,sold,1.0,
depop,D0316,Brandy Melville White Kim Pants Adjustable,bottoms,Brandy Melville,good,18.0,18.0,2024-07-09,2024-07-09,sold,0.0,
depop,D0317,Vintage Guess Riviera Jeans Dark Blue,bottoms,Guess,good,12.6,12.6,2024-07-07,2024-07-09,sold,2.0,
depop,D0318,White Parachute Pants Tie Drawstring Adjustable,bottoms,Other,good,9.0,9.0,2024-07-07,2024-07-13,sold,6.0,
depop,D0319,Uniqlo Uline Baggy High Rise Jeans,bottoms,UNIQLO,good,18.0,18.0,2024-07-07,2024-07-13,sold,6.0,
depop,D0320,Pacsun Casey Low Rise Baggy Jeans,bottoms,PacSun,good,24.0,24.0,2024-07-09,2024-07-15,sold,6.0,
depop,D0321,Brandy Melville Agatha Denim Skirt Jean,bottoms,Brandy Melville,good,12.0,12.0,2024-07-15,2024-07-15,sold,0.0,
depop,D0322,Gym Shark Dark Gray Cropped Hoodie,tops,Gymshark,good,11.2,11.2,2024-07-07,2024-07-15,sold,8.0,
depop,D0323,Brandy Melville John Galt Hilary Yoga,bottoms,Brandy Melville,good,16.0,16.0,2024-07-07,2024-07-16,sold,9.0,
depop,D0324,En Route Jewelry Daisy Molecule Chain,accessories,Other,good,40.5,40.5,2024-07-14,2024-07-16,sold,2.0,
depop,D0325,Brandy Melville John Galt Light Blue,tops,Brandy Melville,good,19.2,19.2,2024-07-09,2024-07-18,sold,9.0,
depop,D0326,Brandy Melville Dark Gray Black Shoulder,accessories,Brandy Melville,good,25.0,25.0,2024-07-15,2024-07-20,sold,5.0,
depop,D0327,White Nike Athletic Top Tennis Running,tops,Nike,good,10.4,10.4,2024-07-07,2024-07-21,sold,14.0,
depop,D0328,The Green Low Rise Parachute Pants,bottoms,PacSun,good,12.8,12.8,2024-07-04,2024-07-21,sold,17.0,
depop,D0329,Blue Denim Skirt Skort With Shorts,bottoms,Other,good,18.0,18.0,2024-07-15,2024-07-22,sold,7.0,
depop,D0330,Urban Outfitters Out From Under Go,tops,Urban Outfitters,good,8.8,8.8,2024-07-07,2024-07-22,sold,15.0,
depop,D0331,Black Leather Shoulder Bag Silver Hardware,accessories,Other,good,50.0,50.0,2023-08-12,2024-07-25,sold,348.0,
depop,D0332,Light Blue Corset Pacsun Ryan Destiny,tops,PacSun,good,10.4,10.4,2024-06-23,2024-07-26,sold,33.0,
depop,D0333,Fear Of God Essentials Taupe Crewneck,tops,Essentials,good,24.0,24.0,2024-07-07,2024-07-28,sold,21.0,
depop,D0334,White Knee Length Boots Zipper Closer,footwear,Other,good,12.0,12.0,2024-07-21,2024-07-31,sold,10.0,
depop,D0335,Adidas Samba Black These Fit Me,footwear,Adidas,good,60.0,60.0,2024-08-23,2024-08-23,sold,0.0,
depop,D0336,White Quilted Cardholder Gold Hardware Double,accessories,Other,good,15.0,15.0,2024-08-23,2024-08-31,sold,8.0,
depop,D0337,Brown Cinching Shaping Bodysuit With Adjustable,tops,Other,good,8.5,8.5,2025-06-23,2025-07-01,sold,8.0,
depop,D0338,Skims Fits Everybody Lace Long Slip,dresses,Skims,good,62.0,62.0,2025-06-23,2025-07-01,sold,8.0,
depop,D0339,Pacsun Green Low Waisted Micro Shorts,bottoms,PacSun,good,12.0,12.0,2025-06-30,2025-07-02,sold,2.0,
depop,D0340,Adidas Campus 00S Size 7 1/2,footwear,Adidas,good,42.0,42.0,2025-07-03,2025-07-05,sold,2.0,
depop,D0341,Black Bikini With Silver Metal Grommet,swimwear,Other,good,8.0,8.0,2025-07-05,2025-07-05,sold,0.0,
depop,D0342,Pacsun Casey Lowrise Baggy Jeans Light,bottoms,PacSun,good,13.0,13.0,2025-07-05,2025-07-06,sold,1.0,
depop,D0343,Pacsun Womens Bella Stretch Medium Indigo,bottoms,PacSun,good,13.0,13.0,2025-07-05,2025-07-07,sold,2.0,
depop,D0344,Lunchbox Water Hydration Pack Backpack With,other,Other,good,70.0,70.0,2025-07-05,2025-07-08,sold,3.0,
depop,D0345,Vivienne Westwood Necklaces And Charms Silver,accessories,Vivienne Westwood,good,32.0,32.0,2025-07-09,2025-07-09,sold,0.0,
depop,D0346,Iamgia Ramona Leather Black Corset Top,tops,I.AM.GIA,good,30.0,30.0,2025-07-06,2025-07-09,sold,3.0,
depop,D0347,Vivienne Westwood Style Necklaces And Charms,accessories,Vivienne Westwood,good,28.0,28.0,2025-07-09,2025-07-09,sold,0.0,
depop,D0348,Gold Jewelry Set With Screw Design,accessories,Other,good,22.0,22.0,2025-07-09,2025-07-10,sold,1.0,
depop,D0349,Silver Jewellery Bundle - 18 Pieces,accessories,Urban Outfitters,good,11.0,11.0,2025-07-09,2025-07-10,sold,1.0,
depop,D0350,Gold Jewelry Set Bundle 16 Pieces,accessories,Urban Outfitters,good,11.0,11.0,2025-07-09,2025-07-10,sold,1.0,
depop,D0351,Prettylittlething Vintage Wash Extreme Faded Wide,bottoms,PrettyLittleThing,good,9.4,9.4,2025-07-06,2025-07-10,sold,4.0,
depop,D0352,Edikted Bubble Skirt Ribbed Mini Dress,dresses,Edikted,good,10.0,10.0,2025-06-23,2025-07-11,sold,18.0,
depop,D0353,Hysteric Glamour Grey Tshirt Top With,tops,Hysteric Glamour,good,63.0,63.0,2025-07-09,2025-07-13,sold,4.0,
depop,D0354,Bdg Urban Outfitters Carpenter Jeans Light,bottoms,BDG,good,11.0,11.0,2025-06-23,2025-07-14,sold,21.0,
depop,D0355,Levis 518 Superlow Bootcut Jeans Lowrise,bottoms,Levi's,good,18.0,18.0,2025-07-09,2025-07-16,sold,7.0,
depop,D0356,Hype And Vice Ucla College Merch,tops,Other,good,11.0,11.0,2025-07-09,2025-07-17,sold,8.0,
depop,D0357,Black Levi'S 501 Denim Jean Shorts,bottoms,Levi's,good,15.0,15.0,2025-07-16,2025-07-18,sold,2.0,
depop,D0358,White Corset Mini Short Dress With,dresses,Other,good,8.0,8.0,2025-07-16,2025-07-22,sold,6.0,
depop,D0359,Plastic Colorful Chunky Rings Bundle 50+,accessories,Other,good,8.0,8.0,2025-07-10,2025-07-23,sold,13.0,
depop,D0360,Muave John Galt Brandy Melville Shorts,bottoms,Brandy Melville,good,9.0,9.0,2025-07-24,2025-07-27,sold,3.0,
depop,D0361,Gold Double C Necklace Some Signs,accessories,Other,good,15.0,15.0,2025-07-09,2025-07-27,sold,18.0,
depop,D0362,John Galt Brandy Melville Amaya Lace,tops,Brandy Melville,good,7.0,7.0,2025-07-24,2025-07-28,sold,4.0,
depop,D0363,Grey Cotton On Baby Tee #Casualwear,tops,Cotton On,good,5.0,5.0,2025-07-24,2025-07-28,sold,4.0,
depop,D0364,Victorias Secret Black Lace Corset Top,tops,Victoria's Secret,good,22.0,22.0,2025-07-16,2025-07-29,sold,13.0,
depop,D0365,Brandy Melville John Galt Ribbed Connor,tops,Brandy Melville,good,6.0,6.0,2025-07-24,2025-07-29,sold,5.0,
depop,D0366,Black & White Maid Costume Dress,dresses,Other,good,15.2,15.2,2025-07-16,2025-07-30,sold,14.0,
depop,D0367,Iamgia White And Pink Flame Heart,tops,I.AM.GIA,good,10.45,10.45,2025-07-24,2025-07-30,sold,6.0,
depop,D0368,Black And White Bape Star Bapesta,footwear,Other,good,25.6,25.6,2025-07-29,2025-07-30,sold,1.0,
depop,D0369,Brand New Never Worn En Route,accessories,Other,good,35.0,35.0,2025-07-28,2025-07-31,sold,3.0,
depop,D0370,Blue And White Camo Bikini Set,swimwear,Other,good,15.0,15.0,2025-07-29,2025-07-31,sold,2.0,
depop,D0371,Edikted Contrast Off Shoulder Top Olive,tops,Edikted,good,5.0,5.0,2025-06-23,2025-07-31,sold,38.0,
depop,D0372,Brand New Never Worn En Route,accessories,Other,good,38.0,38.0,2025-07-28,2025-08-02,sold,5.0,
depop,D0373,Sealed Olivia Rodrigo Can'T Catchme Now-Etched,other,Other,good,36.0,36.0,2025-07-28,2025-08-02,sold,5.0,
depop,D0374,Brandy Melville John Galt Olive Green,tops,Brandy Melville,good,7.0,7.0,2025-07-24,2025-08-09,sold,16.0,
depop,D0375,Cream Suede Stussy Birkenstock Boston Clogs,footwear,Other,good,80.0,80.0,2025-08-12,2025-08-13,sold,1.0,
depop,D0376,Skims Smooth Lounge Skimpy Strap Cami,tops,Skims,good,35.0,35.0,2025-08-13,2025-08-14,sold,1.0,
depop,D0377,Drop-Waist Pleated Mini Dress Cream And,dresses,Other,good,80.0,80.0,2025-08-13,2025-08-14,sold,1.0,
depop,D0378,Suuksess Black Lace Bodysuit With Adjustable,tops,Other,good,9.0,9.0,2025-08-13,2025-08-14,sold,1.0,
depop,D0379,Two Athletic Workout Gym Shorts Blue,bottoms,Other,good,5.0,5.0,2025-08-13,2025-08-15,sold,2.0,
depop,D0380,Cream Suede Stussy Birkenstock Boston Style,footwear,Other,good,75.0,75.0,2025-08-12,2025-08-15,sold,3.0,
depop,D0381,Chrome Silver Ring Size 6 And,accessories,Other,good,22.0,22.0,2025-07-28,2025-08-16,sold,19.0,
depop,D0382,Black Faux Bodycon Leather Micro Mini,bottoms,Other,good,6.0,6.0,2025-08-17,2025-08-17,sold,0.0,
depop,D0383,Uniqlo Black Wide Leg Loose Straight,bottoms,UNIQLO,good,6.0,6.0,2025-08-17,2025-08-17,sold,0.0,
depop,D0384,Navy Trader Joe'S Zip-Up Hoodie #Traderjoes,tops,Trader Joe's,good,6.0,6.0,2025-08-17,2025-08-17,sold,0.0,
depop,D0385,Brandy Melville John Galt White Rosa,bottoms,Brandy Melville,good,18.0,18.0,2025-08-13,2025-08-17,sold,4.0,
depop,D0386,Orange Bikini Set Ribbed Never Worn,swimwear,Other,good,5.4,5.4,2025-08-17,2025-08-17,sold,0.0,
depop,D0387,Blue Trim And White Bikini Set,swimwear,Other,good,5.4,5.4,2025-08-17,2025-08-17,sold,0.0,
depop,D0388,Cotton On Black Cropped Cardigan Button,tops,Cotton On,good,6.0,6.0,2025-08-17,2025-08-17,sold,0.0,
depop,D0389,Light Blue Bikini Set Bandeau Strapless,swimwear,Other,good,6.0,6.0,2025-08-17,2025-08-18,sold,1.0,
depop,D0390,Princess Polly Dark Gray Long Sleeve,tops,Princess Polly,good,5.4,5.4,2025-08-17,2025-08-18,sold,1.0,
depop,D0391,Pacsun Utility Cargo Khaki Green Cargo,bottoms,PacSun,good,5.4,5.4,2025-08-17,2025-08-18,sold,1.0,
depop,D0392,Urban Outfitters Kimchi Blue Knit Flowy,tops,Kimchi Blue,good,5.4,5.4,2025-07-05,2025-08-18,sold,44.0,
depop,D0393,Cream And White Knit Textured Tube,tops,Other,good,5.4,5.4,2025-08-13,2025-08-18,sold,5.0,
depop,D0394,Princess Polly Ruched Tight Mesh Red,dresses,Princess Polly,good,6.0,6.0,2025-08-17,2025-08-18,sold,1.0,
depop,D0395,Blue Tube Top #Croptop Small Nick,tops,Other,good,5.0,5.0,2025-08-17,2025-08-18,sold,1.0,
depop,D0396,Brandy Melville John Galt Red Graphic,tops,Brandy Melville,good,6.0,6.0,2025-08-17,2025-08-19,sold,2.0,
depop,D0397,Black Mesh Long Sleeve Shirt Sheer,tops,Other,good,6.0,6.0,2025-08-17,2025-08-19,sold,2.0,
depop,D0398,Brown Pacsun Parachute Pants #Cargopants 98%,bottoms,PacSun,good,5.4,5.4,2025-07-24,2025-08-19,sold,26.0,
depop,D0399,Pacsun La Hearts Navy Blue Dark,tops,PacSun,good,5.4,5.4,2025-08-13,2025-08-19,sold,6.0,
depop,D0400,Double Silver Chrome Cross Necklace Hearts,accessories,Other,good,32.0,32.0,2025-08-18,2025-08-20,sold,2.0,
depop,D0401,Urban Outfitters Grey Loose Fit Off,tops,Urban Outfitters,good,6.0,6.0,2025-08-17,2025-08-20,sold,3.0,
depop,D0402,Princess Polly White Long Maxi Bodycon,dresses,Princess Polly,good,6.0,6.0,2025-08-17,2025-08-20,sold,3.0,
depop,D0403,Brown Strappy Halter Top #Y2Kfashion Small,tops,Other,good,6.0,6.0,2025-08-17,2025-08-20,sold,3.0,
depop,D0404,Brandy Melville John Galt Black Crop,tops,Brandy Melville,good,5.4,5.4,2025-08-17,2025-08-21,sold,4.0,
depop,D0405,Urban Outfitters Out From Under Go,tops,Urban Outfitters,good,5.4,5.4,2025-08-17,2025-08-21,sold,4.0,
depop,D0406,Black Mesh Long Sleeve Top Coverup,tops,Other,good,6.0,6.0,2025-08-17,2025-08-21,sold,4.0,
depop,D0407,Grey Ruffled Shorts With Drawstring Frilled,bottoms,Other,good,11.0,11.0,2025-08-13,2025-08-21,sold,8.0,
depop,D0408,Black Satin Midi Skirt With A,bottoms,Other,good,6.0,6.0,2025-08-17,2025-08-21,sold,4.0,
depop,D0409,Ucla Merch Navy Russell Athletic Sportswear,tops,Russell Athletic,good,6.0,6.0,2025-08-17,2025-08-21,sold,4.0,
depop,D0410,Grey And Blue Floral Bodysuit Lingerie,tops,Other,good,6.0,6.0,2025-08-17,2025-08-21,sold,4.0,
depop,D0411,Bundle For @Kixies Black Dresses Mesh,tops,Other,good,15.0,15.0,2025-08-17,2025-08-22,sold,5.0,
depop,D0412,Similar To Realisation Par White Hercules,tops,Other,good,6.0,6.0,2025-07-24,2025-08-22,sold,29.0,
depop,D0413,Navy Blue Cami Top With Button-Up,tops,Other,good,5.4,5.4,2025-08-17,2025-08-22,sold,5.0,
depop,D0414,Green And Grey Spandex Shorts With,bottoms,Other,good,5.4,5.4,2025-08-17,2025-08-22,sold,5.0,
depop,D0415,Edikted Drop Shoulder Light Knit Sweater,tops,Edikted,good,19.8,19.8,2025-08-17,2025-08-22,sold,5.0,
depop,D0416,White And Pink Floral Lace Lingerie,tops,Other,good,5.4,5.4,2025-08-17,2025-08-22,sold,5.0,
depop,D0417,Navy And White Sailor Bikini Red,dresses,Other,good,5.4,5.4,2025-08-17,2025-08-22,sold,5.0,
depop,D0418,Brown Mesh Sheer Long Sleeve Button,tops,Other,good,6.0,6.0,2025-08-17,2025-08-23,sold,6.0,
depop,D0419,3 Black And Green Sports Top,tops,Other,good,5.4,5.4,2025-08-17,2025-08-24,sold,7.0,
depop,D0420,Princess Polly Lehanna Romper White Romper,jumpsuits,Princess Polly,good,5.1,5.1,2025-08-17,2025-08-26,sold,9.0,
depop,D0421,Princess Polly Dyer Sheer Sleeve Mini,dresses,Princess Polly,good,5.1,5.1,2025-06-23,2025-08-26,sold,64.0,
depop,D0422,Nike Black Running Shorts #Runningessentials,bottoms,Nike,good,4.59,4.59,2025-08-17,2025-08-27,sold,10.0,
depop,D0423,Orange And White Hibiscus Flower Floral,swimwear,Other,good,4.59,4.59,2025-08-17,2025-08-27,sold,10.0,
depop,D0424,Vibrant Multi-Coloured Bikini Patternedset Never Worn,swimwear,Other,good,4.59,4.59,2025-08-17,2025-08-27,sold,10.0,
depop,D0425,Blue Bikini With Matching Hibiscus Flower,swimwear,Other,good,4.59,4.59,2025-08-17,2025-08-27,sold,10.0,
depop,D0426,Yellow Urban Outfitters Crop Cami Tank,tops,Urban Outfitters,good,4.59,4.59,2025-08-17,2025-08-27,sold,10.0,
depop,D0427,Black Lace Crop Corset Bustier Top,tops,Other,good,4.59,4.59,2025-08-17,2025-08-27,sold,10.0,
depop,D0428,Burgundy Lace Vneck Crop Top #Croptop,tops,Other,good,4.59,4.59,2025-08-17,2025-08-27,sold,10.0,
depop,D0429,Blue Bikini Set With Tie Top,swimwear,Other,good,4.59,4.59,2025-08-17,2025-08-27,sold,10.0,
depop,D0430,Pink My Melody Loungewear Set Crop,dresses,Sanrio,good,5.1,5.1,2025-08-17,2025-08-27,sold,10.0,
depop,D0431,Black Wild Fable Micro Denim Shorts,bottoms,Wild Fable,good,6.0,6.0,2025-08-17,2025-08-28,sold,11.0,
depop,D0432,Tan Cream Corset Bustier Crop Top,tops,Other,good,4.0,4.0,2025-08-17,2025-08-28,sold,11.0,
depop,D0433,Hello Kitty Pink Heart Ring Set,accessories,Hello Kitty,good,3.6,3.6,2025-07-09,2025-08-28,sold,50.0,
depop,D0434,Cream Distressed Long Sleeve Knit Top,tops,Other,good,3.6,3.6,2025-08-13,2025-08-28,sold,15.0,
depop,D0435,Pink Victoria'S Secret Tank Bodysuit Pink,tops,Victoria's Secret PINK,good,3.6,3.6,2025-08-17,2025-08-28,sold,11.0,
depop,D0436,Pink Victoria'S Secret Black Tank Bodysuit,tops,Victoria's Secret PINK,good,3.6,3.6,2025-08-17,2025-08-28,sold,11.0,
depop,D0437,White Halter Tie Lace Up Back,tops,Other,good,3.6,3.6,2025-08-17,2025-08-28,sold,11.0,
depop,D0438,Silver Metallic Bikini Set #Festivalvibes,swimwear,Other,good,3.6,3.6,2025-08-17,2025-08-28,sold,11.0,
depop,D0439,H&M Divided Khaki Green Mini Short,bottoms,H&M,good,3.6,3.6,2025-08-27,2025-08-28,sold,1.0,
depop,D0440,Black Banana Republic Baby Tee Graphic,tops,Banana Republic,good,6.0,6.0,2025-08-25,2025-08-28,sold,3.0,
depop,D0441,Princess Polly Red Mesh Bodycon Tight,dresses,Princess Polly,good,4.0,4.0,2025-08-17,2025-08-28,sold,11.0,
depop,D0442,Hollister Gilly Hicks White Lace Floral,accessories,Gilly Hicks,good,5.0,5.0,2025-08-27,2025-08-30,sold,3.0,
depop,D0443,White Long Sleeve Button Up Shirt,tops,Other,good,6.0,6.0,2025-08-27,2025-08-31,sold,4.0,
depop,D0444,Jacquard Fabric Designer 100% Polyester Medium,other,Louis Vuitton,good,20.0,20.0,2025-08-27,2025-08-31,sold,4.0,
depop,D0445,Black Chanel Ballet Flats With Bow,footwear,Chanel,good,275.0,275.0,2025-08-27,2025-09-01,sold,5.0,
depop,D0446,Brandy Melville John Galt Light Wash,bottoms,Brandy Melville,good,6.0,6.0,2025-06-23,2025-09-01,sold,70.0,
depop,D0447,Doc Martens Youth 1460 Softy T,footwear,Dr. Martens,good,18.0,18.0,2025-08-25,2025-09-01,sold,7.0,
depop,D0448,Pacsun High Rise Bootcut Flare Light,bottoms,PacSun,good,6.0,6.0,2025-08-27,2025-09-01,sold,5.0,
depop,D0449,Free People We The Free Baby,accessories,Free People,good,150.0,150.0,2025-09-01,2025-09-01,sold,0.0,
depop,D0450,Grey Cross Back Bodycon Tight Long,dresses,Other,good,6.0,6.0,2025-08-17,2025-09-01,sold,15.0,
depop,D0451,White Brandy Melville Crop Zip-Up Hoodie,tops,Brandy Melville,good,6.0,6.0,2025-08-27,2025-09-02,sold,6.0,
depop,D0452,Hysteric Glamour “Your Judgement Day Has,tops,Hysteric Glamour,good,60.0,60.0,2025-08-27,2025-09-02,sold,6.0,
depop,D0453,Victorias Secret Babydoll Teddy Lace Apron,tops,Victoria's Secret,good,28.0,28.0,2025-09-01,2025-09-03,sold,2.0,
depop,D0454,White Corset Crop Top With Lace,tops,Other,good,6.0,6.0,2025-08-17,2025-09-03,sold,17.0,
depop,D0455,Silver Chrome Cross Pendant With Gemstone,accessories,Other,good,6.0,6.0,2025-08-25,2025-09-03,sold,9.0,
depop,D0456,Light Blue Striped Collared Nike Zip-Up,outerwear,Nike,good,17.0,17.0,2025-08-13,2025-09-03,sold,21.0,
depop,D0457,Caliber By Leatherforce Genuine Leather Shell,outerwear,Other,good,20.0,20.0,2025-08-13,2025-09-03,sold,21.0,
depop,D0458,Bape A Bathing Ape Japan Black,tops,BAPE,good,60.0,60.0,2025-08-27,2025-09-04,sold,8.0,
depop,D0459,Corset And Dress Bundle For @Lilliewesttt,dresses,Other,good,18.0,18.0,2025-09-04,2025-09-04,sold,0.0,
depop,D0460,Dark Grey Pacsun Ribbed La Hearts,tops,PacSun,good,6.0,6.0,2025-08-17,2025-09-05,sold,19.0,
depop,D0461,Blue Ucla Tank Top Workout Shirt,tops,Other,good,3.6,3.6,2025-07-24,2025-09-09,sold,47.0,
depop,D0462,Navy Blue Bandeau Top With Cutout,tops,Other,good,3.6,3.6,2025-08-25,2025-09-09,sold,15.0,
depop,D0463,Pacsun La Hearts Black Knitted Cardigan,tops,PacSun,good,5.95,5.95,2025-08-13,2025-09-10,sold,28.0,
depop,D0464,White Long Sleeve Top Fitted Low,tops,Other,good,6.0,6.0,2025-08-17,2025-09-13,sold,27.0,
depop,D0465,Pacsun Kendall And Kylie Cream Lace,tops,KENDALL + KYLIE,good,6.0,6.0,2025-08-25,2025-09-13,sold,19.0,
depop,D0466,Black Ribbed Long Sleeve Romper With,jumpsuits,Other,good,6.0,6.0,2025-08-17,2025-09-17,sold,31.0,
depop,D0467,Grey Asymmetrical One Shoulder Tank Top,tops,Other,good,5.4,5.4,2025-07-24,2025-09-18,sold,56.0,
depop,D0468,Cute Blue And White Hibiscus Flower,tops,Other,good,5.4,5.4,2025-08-17,2025-09-18,sold,32.0,
depop,D0469,Nike Air Zoom Pegasus 37 Sneakers,footwear,Nike,good,14.4,14.4,2025-07-29,2025-09-27,sold,60.0,
depop,D0470,Olive Green Pacsun Ribbed La Hearts,tops,PacSun,good,5.4,5.4,2025-08-17,2025-09-27,sold,41.0,
depop,D0471,Brand New With Tags Juicy Couture,accessories,Juicy Couture,good,15.0,15.0,2020-08-08,2020-10-01,sold,54.0,
depop,D0472,5 Sold 5 More Available Custom,other,Other,good,40.0,40.0,2020-07-15,2020-10-02,sold,79.0,
depop,D0473,Shipping❤️ @Aanyah979,other,Other,good,4.5,4.5,2020-10-01,2020-10-02,sold,1.0,
depop,D0474,Silver Hair Clips $6 For 10,accessories,DKNY,good,6.0,6.0,2020-09-28,2020-10-06,sold,8.0,
depop,D0475,Never Worn Three Lace Chokers Pink,accessories,Other,good,3.0,3.0,2020-09-28,2020-10-07,sold,9.0,
depop,D0476,Brandy Melville White Coco Wrap Top,tops,Brandy Melville,good,4.5,4.5,2020-10-07,2020-10-07,sold,0.0,
depop,D0477,Brand New Black Claw Clip Hairclip,accessories,Other,good,6.5,6.5,2020-09-28,2020-10-09,sold,11.0,
depop,D0478,Brand New With Tag Lani The,tops,Nordstrom,good,1.0,1.0,2020-08-22,2020-11-06,sold,76.0,
depop,D0479,Leopard Print Lingerie Slip Dress With,other,Other,good,20.0,20.0,2020-11-05,2020-11-08,sold,3.0,
depop,D0480,Black Brandy Melville Ariana Painter Pants,other,Brandy Melville,good,1.0,1.0,2020-09-10,2020-11-09,sold,60.0,
depop,D0481,Dooney And Bourke Blue Monogram Shoulder,accessories,Dooney & Bourke,good,1.0,1.0,2020-09-14,2020-11-10,sold,57.0,
depop,D0482,Brandy Melville Coco Wrap Top I,tops,Brandy Melville,good,1.88,1.88,2020-10-07,2020-11-12,sold,36.0,
depop,D0483,White And Beige Ep Pro Tour,tops,Other,good,1.0,1.0,2020-11-12,2020-11-15,sold,3.0,
depop,D0484,Trade! Red Lace Dress With Adjustable,dresses,Other,good,1.0,1.0,2020-11-05,2020-11-15,sold,10.0,
depop,D0485,Trade! Size Small Red Lace Dress,dresses,Other,good,5.75,5.75,2020-11-05,2020-11-17,sold,12.0,
depop,D0486,Lany Pink Transparent Monogram Handbag Purse,accessories,Other,good,1.88,1.88,2020-09-04,2020-11-19,sold,76.0,
depop,D0487,Trade! Brand New With Tag 100%,accessories,Other,good,1.0,1.0,2020-08-05,2020-11-22,sold,109.0,
depop,D0488,Silver Hair Clips $6.50 For 10,accessories,DKNY,good,6.5,6.5,2020-09-28,2020-12-12,sold,75.0,
depop,D0489,Brand New With Tags Dooney And,accessories,Dooney & Bourke,good,80.0,80.0,2020-07-22,2020-12-25,sold,156.0,
depop,D0490,Mustard Yellow V Neck Bodycon Midi,dresses,Other,good,12.0,12.0,2021-08-29,2021-10-02,sold,34.0,
depop,D0491,Black Ankle Strap Platform Sandals Woven,footwear,Other,good,12.0,12.0,2021-08-21,2021-10-03,sold,43.0,
depop,D0492,Pink And Purple Layered Crop Tank,tops,Other,good,15.0,15.0,2021-10-03,2021-10-04,sold,1.0,
depop,D0493,Polo Ralph Lauren Red Cable Knit,tops,Ralph Lauren,good,18.0,18.0,2021-08-29,2021-10-11,sold,43.0,
depop,D0494,French Toast Blue Collared Button Up,tops,Other,good,12.0,12.0,2021-08-29,2021-10-14,sold,46.0,
depop,D0495,Pink Faux Leather Pants Lace Up,other,Other,good,55.0,55.0,2021-10-17,2021-10-17,sold,0.0,
depop,D0496,Pinky Girls Pink Gingham Peplum Babydoll,tops,Other,good,35.0,35.0,2021-10-18,2021-10-19,sold,1.0,
depop,D0497,Guess Saily White Strappy Dress Heels,footwear,Guess,good,28.0,28.0,2021-10-17,2021-10-26,sold,9.0,
depop,D0498,**Anonymized**,footwear,Other,good,12.0,12.0,2021-08-21,2021-11-12,sold,83.0,
depop,D0499,Brown Tan White Argyle Cardigan Xl,tops,Other,good,22.0,22.0,2021-05-23,2021-11-16,sold,177.0,
depop,D0500,Brandy Melville Dark Forest Green Rosa,bottoms,Brandy Melville,good,32.0,32.0,2021-08-31,2021-11-28,sold,89.0,
depop,D0501,Light Green Sage Green Longs Sleeve,tops,Other,good,10.0,10.0,2021-08-29,2021-12-03,sold,96.0,
depop,D0502,**Anonymized**,other,Other,good,40.0,40.0,2021-12-05,2021-12-05,sold,0.0,
depop,D0503,Two Ribbed Crop Tank Tops Cream,tops,Other,good,14.0,14.0,2021-10-26,2021-12-14,sold,49.0,
depop,D0504,Knit Checker/Stripe Patterned Loose Dress Black,dresses,Other,good,12.0,12.0,2021-08-29,2021-12-15,sold,108.0,
depop,D0505,Black Corduroy Like Puffer Jacket Silver,outerwear,Other,good,23.0,23.0,2021-12-12,2021-12-16,sold,4.0,
depop,D0506,Light Pink Puffer Jacket Black Zipper,outerwear,Other,good,23.0,23.0,2021-12-12,2021-12-23,sold,11.0,
depop,D0507,Orange Ruched Long Sleeve Button Up,dresses,Other,good,22.0,22.0,2021-11-28,2021-12-23,sold,25.0,
depop,D0508,Sage Light Green Jean Pants Worn,other,Other,good,22.0,22.0,2021-12-26,2021-12-26,sold,0.0,
depop,D0509,Heart Print Knit Cream Sweater Pointelle,tops,Other,good,25.2,25.2,2021-12-26,2021-12-27,sold,1.0,
depop,D0510,**Anonymized**,tops,Champion,good,35.0,35.0,2021-08-31,2021-12-27,sold,118.0,
depop,D0511,Pu Black Leather Pants Straight Leg,other,Other,good,20.09,20.09,2021-12-12,2021-12-27,sold,15.0,
depop,D0512,Gingham Pattern Printed Cardigan Black And,other,Other,good,25.0,25.0,2021-12-27,2021-12-27,sold,0.0,
depop,D0513,Brandy Melville Dark Green Priscilla Pants,bottoms,Brandy Melville,good,35.0,35.0,2021-12-26,2021-12-28,sold,2.0,
depop,D0514,Dickies 874 Khaki Original Fit Work,other,Dickies,good,28.0,28.0,2021-12-05,2021-12-29,sold,24.0,
depop,D0515,Brown And Cream Hat “Love And,accessories,Other,good,40.0,40.0,2021-12-05,2021-12-30,sold,25.0,
depop,D0516,Fendi Monogram Logo Printed Kitten Heels,footwear,Other,good,35.0,35.0,2022-08-25,2022-10-17,sold,53.0,
depop,D0517,H&G Camouflage Print Low Rise Micro,bottoms,Other,good,35.0,35.0,2022-07-27,2022-11-07,sold,103.0,
depop,D0518,Elegant Moments Lingerie Top Black And,tops,Other,good,46.0,46.0,2021-08-22,2022-11-17,sold,452.0,
depop,D0519,Brandy Melville Sea Green Amara Top,tops,Brandy Melville,good,18.0,18.0,2022-12-13,2022-12-28,sold,15.0,
depop,D0520,Revice Amelia Pant Oakland Blackout Size,bottoms,Other,good,79.0,79.0,2022-12-28,2022-12-28,sold,0.0,
depop,D0521,Jj Basics Knit Double Zip Jacket,outerwear,Other,good,24.0,24.0,2023-06-29,2023-11-14,sold,138.0,
depop,D0522,W Studio Cream Off White High,bottoms,Other,good,16.0,16.0,2023-07-01,2023-11-17,sold,139.0,
depop,D0523,Cc Monogram Gold Studded Necklace,accessories,Chanel,good,20.0,20.0,2023-11-23,2023-11-24,sold,1.0,
depop,D0524,Ralph Lauren Monogram Gray And Black,accessories,Ralph Lauren,good,36.0,36.0,2023-11-23,2023-11-25,sold,2.0,
depop,D0525,Cc Monogram Gold Studded Necklace,accessories,Chanel,good,24.0,24.0,2023-11-23,2023-11-25,sold,2.0,
depop,D0526,Gray 874 Dickies Size 30 Waist,bottoms,Dickies,good,14.0,14.0,2023-11-23,2023-11-27,sold,4.0,
depop,D0527,Gg Monogram Silver Earrings,accessories,Gucci,good,24.0,24.0,2023-11-23,2023-11-27,sold,4.0,
depop,D0528,Pretty Little Thing Light Green Lace,tops,PrettyLittleThing,good,26.0,26.0,2023-11-23,2023-12-09,sold,16.0,
depop,D0529,Lace Lingerie Set Red Corset Heart,tops,Other,good,20.0,20.0,2023-11-23,2023-12-09,sold,16.0,
depop,D0530,Pink Lace Set Lingerie Babydoll Crop,tops,Other,good,20.0,20.0,2023-11-23,2023-12-11,sold,18.0,
depop,D0531,Iamgia Sakhi Top Rose Quartz Xs,tops,I.AM.GIA,good,36.0,36.0,2023-11-23,2023-12-12,sold,19.0,
depop,D0532,Urban Outfitters Out From Under Dusty,tops,Urban Outfitters,good,36.0,36.0,2023-11-23,2023-12-15,sold,22.0,
depop,D0533,Cream Open Back Top Shirt Backless,tops,Other,good,13.0,13.0,2023-12-25,2023-12-25,sold,0.0,
depop,D0534,Black Hoodie With Essentials Brand Color,tops,Essentials,good,36.0,36.0,2023-12-25,2023-12-26,sold,1.0,
depop,D0535,Bdg Y2K Cargo Pants Olive Green,bottoms,BDG,good,38.0,38.0,2023-12-25,2023-12-26,sold,1.0,
depop,D0536,Prettylittlething Bodysuit Printed Graphic Nude Mesh,tops,PrettyLittleThing,good,14.0,14.0,2023-12-25,2023-12-27,sold,2.0,
depop,D0537,Starry Sonder Hello Kitty Printed Embroidered,outerwear,Hello Kitty,good,45.0,45.0,2023-12-25,2023-12-30,sold,5.0,
depop,D0538,Black Bodycon Ruched Mini Dress Short,dresses,Other,good,5.4,5.4,2025-06-23,2025-10-03,sold,102.0,
depop,D0539,Black Cropped Long Sleeve Top With,tops,Other,good,5.4,5.4,2025-08-17,2025-10-07,sold,51.0,
depop,D0540,Never Worn Black Lace Garter Mesh,accessories,Other,good,5.4,5.4,2025-08-17,2025-11-03,sold,78.0,
depop,D0541,Black And Grey Wild Fable Tank,tops,Wild Fable,good,5.4,5.4,2025-08-25,2025-11-12,sold,79.0,
depop,D0542,Edikted Washed Faux Leather Micro Cargo,bottoms,Edikted,good,17.0,17.0,2025-11-10,2025-11-12,sold,2.0,
depop,D0543,Cotton On Black Washed Leather Bomber,outerwear,Cotton On,good,50.0,50.0,2025-11-10,2025-11-15,sold,5.0,
depop,D0544,Pacsun Casey Low Rise Baggy Jeans,bottoms,PacSun,good,21.0,21.0,2025-11-10,2025-11-18,sold,8.0,
depop,D0545,Edikted Washed Faux Leather Micro Cargo,bottoms,Edikted,good,15.3,15.3,2025-11-10,2025-11-24,sold,14.0,
depop,D0546,Khaki Tan Faux Leather Micro Shorts,bottoms,Other,good,10.8,10.8,2025-11-10,2025-11-24,sold,14.0,
depop,D0547,Outcast Clothing Shanti Mini Dress Black,dresses,Outcast Clothing,good,46.0,46.0,2025-11-23,2025-11-26,sold,3.0,
depop,D0548,Jacquard Fabric Designer 100% Polyester Medium,other,Dior,good,14.0,14.0,2025-08-27,2025-11-29,sold,94.0,
depop,D0549,Dark Gray Tube Top Asymmetrical Hem,tops,Other,good,8.4,8.4,2025-11-23,2025-12-02,sold,9.0,
depop,D0550,Princess Polly Pottsville Faux Leather Moto,outerwear,Princess Polly,good,54.0,54.0,2025-11-23,2025-12-03,sold,10.0,
depop,D0551,Brandy Melville John Galt Light Blue,bottoms,Brandy Melville,good,10.8,10.8,2025-11-23,2025-12-08,sold,15.0,
depop,D0552,Edikted Washed Faux Leather Micro Cargo,bottoms,Edikted,good,17.0,17.0,2025-11-10,2025-12-09,sold,29.0,
depop,D0553,Khaki Tan Faux Leather Micro Shorts,bottoms,Other,good,12.0,12.0,2025-11-10,2025-12-31,sold,51.0,
depop,D0554,Jacquard Fabric Designer 100% Polyester Medium,other,Dior,good,14.0,14.0,2025-08-27,2026-01-03,sold,129.0,
depop,D0555,Navy And Cream New York Yankees,accessories,MLB,good,16.0,16.0,2026-01-26,2026-01-27,sold,1.0,
depop,D0556,Lewkin Leilani Washed Baggy Jeans Mid,bottoms,Other,good,30.0,30.0,2026-01-26,2026-01-27,sold,1.0,
depop,D0557,Miss Me Gabbriette Low Rise Bootcut,bottoms,Miss Me,good,80.0,80.0,2026-01-26,2026-01-30,sold,4.0,
depop,D0558,Jaded London Light Wash Colossus Jeans,bottoms,Jaded London,good,70.0,70.0,2026-01-26,2026-02-10,sold,15.0,
depop,D0559,Brand New Unused Chrome Hearts Boxer,accessories,Chrome Hearts,good,85.0,85.0,2026-02-17,2026-02-17,sold,0.0,
depop,D0560,Pacsun Casey Low Rise Baggy Jeans,bottoms,PacSun,good,21.0,21.0,2026-02-17,2026-02-17,sold,0.0,
depop,D0561,Viora Maxi Dress Black Black Outcast,dresses,Outcast Clothing,good,35.0,35.0,2026-01-26,2026-02-24,sold,29.0,
depop,D0562,Gentle Monster Antena 01 Sunglasses With,accessories,Gentle Monster,good,170.0,170.0,2026-01-26,2026-02-25,sold,30.0,
depop,D0563,Naom White Tank Top Similar To,tops,Other,good,16.0,16.0,2026-02-17,2026-03-02,sold,13.0,
depop,D0564,Outcast Euphoria Mini Dress White White,dresses,Outcast Clothing,good,45.0,45.0,2026-02-17,2026-03-05,sold,16.0,
depop,A0565,Iamgia Elvira Black Long Sleeve Top,tops,Iamgia,good,20.0,,2026-02-23,,active,,17.0
depop,A0566,Bitgy Y2K Cargo Pants Light Gray Baggy,bottoms,Urban Outfitters,good,22.0,,2026-02-17,,active,,23.0
depop,A0567,Cream White Heart Cross Chrome Ribbed Beanie,accessories,Other,good,16.0,,2026-02-17,,active,,23.0
depop,A0568,Abercrombie Fitch Gray Soft A&F Max Essentials Zip Up Hoodie,outerwear,Abercrombie & Fitch,good,21.0,,2026-02-18,,active,,22.0
depop,A0569,Bitgy Y2K Cargo Pants Dark Brown Baggy,bottoms,Urban Outfitters,good,15.0,,2026-02-18,,active,,22.0
depop,A0570,Iamgia XOLA Long Sleeve Mini Dress Cream,dresses,Iamgia,new,60.0,,2026-02-18,,active,,22.0
depop,A0571,Iamgia ZION Cardigan Grey Zip Up Hoodie,tops,Iamgia,good,40.0,,2026-02-18,,active,,22.0
depop,A0572,Sweet Chilling One Moment Mini Dress Gray,dresses,Other,good,55.0,,2026-02-18,,active,,22.0
depop,A0573,Blue Cotton T-Shirt Slim Fit,tops,Skims,good,14.0,,2026-02-18,,active,,22.0
depop,A0574,Brandy Melville Christy Olive Green Zip Up Hoodie,tops,Brandy Melville,good,21.0,,2026-02-18,,active,,22.0
depop,A0575,Miss Me Nessa Low Rise Bootcut Jeans,bottoms,Other,good,45.0,,2026-02-10,,active,,30.0
depop,A0576,True Religion Joey Low Rise Flare Jean,bottoms,True Religion,good,80.0,,2026-02-01,,active,,39.0
depop,A0577,Textured Cream Tan Ruched Tie Up Side Tube Top,tops,Other,good,8.0,,2026-01-20,,active,,51.0
depop,A0578,Brandy Melville John Galt Keira Duck Boxer Shorts,bottoms,Brandy Melville,good,8.0,,2026-01-26,,active,,45.0
depop,A0579,Brandy Melville Skylar Cream Lace Tank Top,tops,Brandy Melville,good,6.0,,2026-01-26,,active,,45.0
depop,A0580,Brandy Melville John Galt White Red Heart Print Cami Tank,tops,Brandy Melville,good,6.0,,2026-01-26,,active,,45.0
depop,A0581,Skims Outdoor Mid Thigh Onesie Jumpsuit Washed Onyx,jumpsuits,Skims,good,28.0,,2026-01-20,,active,,51.0
depop,A0582,Jacquard Fabric Designer Navy Blue Dior Monogram,other,Other,good,14.9,,2026-01-19,,active,,52.0
depop,A0583,Jacquard Fabric Designer Navy Blue Dior Monogram,other,Other,good,14.0,,2026-01-08,,active,,63.0
